<?xml version="1.0" encoding="utf-8" standalone="yes" ?>
<rss version="2.0" xmlns:atom="http://www.w3.org/2005/Atom">
  <channel>
    <title>Lunch on Mary Mcdonnell</title>
    <link>/categories/lunch/</link>
    <description>Recent content in Lunch on Mary Mcdonnell</description>
    <generator>Hugo -- gohugo.io</generator>
    <language>en-gb</language>
    <lastBuildDate>Sun, 02 Dec 2018 19:21:09 +0000</lastBuildDate>
    
	<atom:link href="/categories/lunch/index.xml" rel="self" type="application/rss+xml" />
    
    
    <item>
      <title>cabbage</title>
      <link>/food/cabbage/</link>
      <pubDate>Sun, 02 Dec 2018 19:21:09 +0000</pubDate>
      
      <guid>/food/cabbage/</guid>
      <description></description>
    </item>
    
    <item>
      <title>half oyster</title>
      <link>/food/oysters/</link>
      <pubDate>Wed, 17 May 2017 17:03:58 +0000</pubDate>
      
      <guid>/food/oysters/</guid>
      <description></description>
    </item>
    
  </channel>
</rss>