<?xml version="1.0" encoding="utf-8" standalone="yes" ?>
<rss version="2.0" xmlns:atom="http://www.w3.org/2005/Atom">
  <channel>
    <title>Galleries on Mary Mcdonnell</title>
    <link>/gallery/</link>
    <description>Recent content in Galleries on Mary Mcdonnell</description>
    <generator>Hugo -- gohugo.io</generator>
    <language>en-gb</language>
    
	<atom:link href="/gallery/index.xml" rel="self" type="application/rss+xml" />
    
    
    <item>
      <title>Blackbird textile</title>
      <link>/gallery/blackbird/</link>
      <pubDate>Mon, 01 Jan 0001 00:00:00 +0000</pubDate>
      
      <guid>/gallery/blackbird/</guid>
      <description></description>
    </item>
    
    <item>
      <title>portrait</title>
      <link>/gallery/portrait/</link>
      <pubDate>Mon, 01 Jan 0001 00:00:00 +0000</pubDate>
      
      <guid>/gallery/portrait/</guid>
      <description></description>
    </item>
    
    <item>
      <title>the letter</title>
      <link>/gallery/letter/</link>
      <pubDate>Mon, 01 Jan 0001 00:00:00 +0000</pubDate>
      
      <guid>/gallery/letter/</guid>
      <description></description>
    </item>
    
  </channel>
</rss>