<?xml version="1.0" encoding="utf-8" standalone="yes" ?>
<rss version="2.0" xmlns:atom="http://www.w3.org/2005/Atom">
  <channel>
    <title>Pages on Mary Mcdonnell</title>
    <link>/pages/</link>
    <description>Recent content in Pages on Mary Mcdonnell</description>
    <generator>Hugo -- gohugo.io</generator>
    <language>en-gb</language>
    <lastBuildDate>Thu, 29 Nov 2018 19:33:48 +0000</lastBuildDate>
    
	<atom:link href="/pages/index.xml" rel="self" type="application/rss+xml" />
    
    
    <item>
      <title>About test</title>
      <link>/about-test/</link>
      <pubDate>Thu, 29 Nov 2018 19:33:48 +0000</pubDate>
      
      <guid>/about-test/</guid>
      <description>About  Mary McDonnell’s artworks explore the qualities of pattern, line and colour in tandem with storytelling to evoke a deep sense of relation to place and it’s history. Shifting fluidly between textile, paint and mixed media works, she continues to draw inspiration from the local history, mythology and flora of her native Boyne Valley, and from the everyday happenings of family life.
Genealogy Family genealogy provides provides a key focal point for exploring relation to past and to place in an ongoing experimentation with ways of using family related archives.</description>
    </item>
    
    <item>
      <title>Teaching</title>
      <link>/teaching/</link>
      <pubDate>Thu, 29 Nov 2018 19:17:06 +0000</pubDate>
      
      <guid>/teaching/</guid>
      <description>Teaching  Growing up in a household that encouraged resourcefulness and using things to hand, fed creative exploration through art and craft, and led to teacher training as a home economics secondary school teacher.
Innovative customisation of traditional techniques in needlecraft,knitting, pottery, weaving, dying in the making of clothes, soft furnishings and decorative objects formed the basis early on for a playful, open and cross fertilising art practice rooted in the everyday of family life.</description>
    </item>
    
    <item>
      <title>About</title>
      <link>/about/</link>
      <pubDate>Wed, 17 May 2017 13:03:58 -0400</pubDate>
      
      <guid>/about/</guid>
      <description>About  Mary McDonnell’s artworks explore the qualities of pattern, line and colour in tandem with storytelling to evoke a deep sense of relation to place and it’s history. Shifting fluidly between textile, paint and mixed media works, she continues to draw inspiration from the local history, mythology and flora of her native Boyne Valley, and from the everyday happenings of family life.
Genealogy Family genealogy provides provides a key focal point for exploring relation to past and to place in an ongoing experimentation with ways of using family related archives.</description>
    </item>
    
    <item>
      <title>Contact</title>
      <link>/contact/</link>
      <pubDate>Wed, 17 May 2017 13:03:58 -0400</pubDate>
      
      <guid>/contact/</guid>
      <description> Please fill out the form below Let us know when you&amp;rsquo;d like to book a reservation and we&amp;rsquo;ll contact you within 30 min to confirm or find another time.
 Send  </description>
    </item>
    
    <item>
      <title>Exhibition</title>
      <link>/exhibition/</link>
      <pubDate>Wed, 17 May 2017 13:03:58 -0400</pubDate>
      
      <guid>/exhibition/</guid>
      <description>Exhibition  As the forms of artistic output are diverse, so too are the sites of display. Commissioned pieces (textile wallhangings, mixed media works) for site specific installation and can be found on display in museums, heritage site visitor centers, banks, libraries, cafes as well as private homes, both in Ireland and further afield.
Many exhibitions involve the bringing together a local group and setting a theme for making work: founder of local textile and art groups: Drogheda Quilters, Indigo, Alchemy, Ceangailte; active member of the Irish Patchwork Society and the Embroiders Guild; former owner of a Craft Shop and Gallery in Slane, Co.</description>
    </item>
    
    <item>
      <title>Teaching manual</title>
      <link>/teaching-manual/</link>
      <pubDate>Mon, 01 Jan 0001 00:00:00 +0000</pubDate>
      
      <guid>/teaching-manual/</guid>
      <description>Teaching manual  Growing up in a household that encouraged resourcefulness and using things to hand, inspired a creative spirit that found expression in making arts and crafts,leading to undergoing training as a home economics secondary school teacher.
As a mother of four children, techniques in needlecraft, knitting, pottery, weaving, fabric dying were applied in various projects from making clothing to soft furnishings to decorative objects. The customization of techniques by adding a unique personal twist has become a signature of artistic output from early on.</description>
    </item>
    
  </channel>
</rss>