<?xml version="1.0" encoding="utf-8" standalone="yes" ?>
<rss version="2.0" xmlns:atom="http://www.w3.org/2005/Atom">
  <channel>
    <title>Categories on Mary Mcdonnell</title>
    <link>/categories/</link>
    <description>Recent content in Categories on Mary Mcdonnell</description>
    <generator>Hugo -- gohugo.io</generator>
    <language>en-gb</language>
    
	<atom:link href="/categories/index.xml" rel="self" type="application/rss+xml" />
    
    
    <item>
      <title>Dinner</title>
      <link>/categories/dinner/</link>
      <pubDate>Sun, 02 Dec 2018 19:21:09 +0000</pubDate>
      
      <guid>/categories/dinner/</guid>
      <description></description>
    </item>
    
    <item>
      <title>Lunch</title>
      <link>/categories/lunch/</link>
      <pubDate>Sun, 02 Dec 2018 19:21:09 +0000</pubDate>
      
      <guid>/categories/lunch/</guid>
      <description></description>
    </item>
    
  </channel>
</rss>